INSERT INTO companies (company_id, nama_perusahaan, npwp, kategori_industri, limit_kredit, created_at) VALUES
(1, 'Browsetype', '51.581.975.2-795.786', 'Hotel', 33355694.75, '2026-02-25 06:13:59.835224'),
(2, 'Skimia', '50.688.900.9-894.883', 'Cafe', 27525961.26, '2026-02-25 06:13:59.839136'),
(3, 'Eire', '59.310.726.2-086.800', 'Restaurant', 28494593.77, '2026-02-25 06:13:59.839977'),
(4, 'Camimbo', '54.508.742.4-461.638', 'Restaurant', 47622625.60, '2026-02-25 06:13:59.840739'),
(5, 'Muxo', '56.461.965.5-735.784', 'Hotel', 9503188.63, '2026-02-25 06:13:59.841381'),
(6, 'Yacero', '47.317.057.2-499.669', 'Catering', 35732415.55, '2026-02-25 06:13:59.842081'),
(7, 'Jayo', '46.600.074.0-730.018', 'Hotel', 27627510.06, '2026-02-25 06:13:59.842779'),
(8, 'Yodoo', '71.433.734.9-891.322', 'Restaurant', 11520812.63, '2026-02-25 06:13:59.843406'),
(9, 'Yabox', '10.553.998.6-605.508', 'Restaurant', 32642686.43, '2026-02-25 06:13:59.844083'),
(10, 'Jamia', '39.946.961.1-441.837', 'Cafe', 23619523.00, '2026-02-25 06:13:59.844696');

-- Insert Data Products
INSERT INTO products (product_id, sku, nama_produk, kategori, satuan, harga_dasar, stok_gudang, image_url) VALUES
(1, 'SKU-IRY-4278', 'Snack Container Set', 'Minuman', 'box', 102345.08, 0, NULL),
(2, 'SKU-IJP-6583', 'Dark Chocolate Raisins', 'Daging', 'karton', 157563.13, 0, NULL),
(3, 'SKU-RQQ-8655', 'Roasted Garlic Aioli', 'Kemasan', 'kg', 161842.51, 0, NULL),
(4, 'SKU-WMQ-1431', 'Compact Shoe Rack', 'Sayuran', 'box', 64323.98, 0, NULL),
(5, 'SKU-JYZ-6187', 'Beef Taco Skillet', 'Daging', 'kg', 125150.53, 0, NULL),
(6, 'SKU-IDT-5014', 'Chocolate Raspberry Tart', 'Daging', 'box', 62646.05, 0, NULL),
(7, 'SKU-DBC-3426', 'Coffee Subscription Service', 'Minuman', 'kg', 178044.58, 0, NULL),
(8, 'SKU-XGG-0989', 'LED Flashlight with Rechargeable Batteries', 'Kemasan', 'box', 132810.07, 0, NULL),
(9, 'SKU-RLQ-4405', 'Magnetic Spice Containers', 'Daging', 'box', 31499.30, 0, NULL),
(10, 'SKU-UPE-1602', 'Tailored Dress Pants', 'Minuman', 'kg', 156772.90, 0, NULL),
(11, 'SKU-PKA-9148', 'Herb-Infused Olive Oil', 'Sayuran', 'liter', 126668.09, 0, NULL),
(12, 'SKU-CFL-2639', 'Coconut Chia Pudding', 'Minuman', 'pcs', 5795.96, 0, NULL),
(13, 'SKU-MSF-9427', 'Children''s Educational Workbook', 'Sayuran', 'box', 138834.64, 0, NULL),
(14, 'SKU-NJS-3016', 'Scent Diffuser', 'Minuman', 'karton', 48301.98, 0, NULL),
(15, 'SKU-AJJ-2128', 'Outdoor Sports Backpack', 'Bumbu', 'karton', 98187.69, 0, NULL),
(16, 'SKU-FXN-7383', 'Blueberry Muffin Mix', 'Minuman', 'pcs', 40700.88, 0, NULL),
(17, 'SKU-TXC-7784', 'Luxury Rolling Makeup Case', 'Sayuran', 'karton', 38617.44, 0, NULL),
(18, 'SKU-JMR-8347', 'Multi-Tool', 'Minuman', 'liter', 84585.09, 0, NULL),
(19, 'SKU-XLF-3188', 'Organic Quinoa Chips', 'Bumbu', 'kg', 28842.04, 0, NULL),
(20, 'SKU-XNC-6589', 'Lemon Pepper Seasoning', 'Sayuran', 'liter', 58267.23, 0, NULL);

-- Insert Data Users
INSERT INTO users (user_id, company_id, nama_lengkap, email, peran) VALUES
(1, 5, 'Cobbie de Clerq', 'cde0@etsy.com', 'Finance_Manager'),
(2, 7, 'Ferdy Delacroix', 'fdelacroix1@cargocollective.com', 'Finance_Manager'),
(3, 8, 'Kermie Picot', 'kpicot2@europa.eu', 'Finance_Manager'),
(4, 5, 'Audy Upson', 'aupson3@thetimes.co.uk', 'Procurement'),
(5, 6, 'Skippie Tassell', 'stassell4@sciencedaily.com', 'Chef'),
(6, 7, 'Flinn Scemp', 'fscemp5@census.gov', 'Finance_Manager'),
(7, 5, 'Jewel Hatchman', 'jhatchman6@vistaprint.com', 'Procurement'),
(8, 1, 'Gerrard Gogarty', 'ggogarty7@cornell.edu', 'Procurement'),
(9, 4, 'Zaneta Rockell', 'zrockell8@harvard.edu', 'Chef'),
(10, 9, 'Ardisj Churches', 'achurches9@disqus.com', 'Chef'),
(11, 1, 'Sheri Weldrick', 'sweldricka@goodreads.com', 'Procurement'),
(12, 3, 'Wilie Bruhn', 'wbruhnb@ameblo.jp', 'Chef'),
(13, 7, 'Kenon Currier', 'kcurrierc@g.co', 'Procurement'),
(14, 1, 'Rudiger Pixton', 'rpixtond@topsy.com', 'Finance_Manager'),
(15, 7, 'Richie Sizeland', 'rsizelande@kickstarter.com', 'Procurement'),
(16, 7, 'Wiley Bowland', 'wbowlandf@godaddy.com', 'Chef'),
(17, 2, 'Ulrica Beeson', 'ubeesong@tumblr.com', 'Procurement'),
(18, 5, 'Antonio Filliskirk', 'afilliskirkh@adobe.com', 'Procurement'),
(19, 4, 'Hubert Flips', 'hflipsi@ca.gov', 'Procurement'),
(20, 1, 'Stephine McCarroll', 'smccarrollj@abc.net.au', 'Procurement');

INSERT INTO purchaseorders (po_id, company_id, dibuat_oleh, status_po, metode_pembayaran, total_tagihan, tanggal_dipesan) VALUES
(1, 6, 13, 'Approved', 'Tempo_30_Hari', 4253618.08, '2026-02-25 06:37:44.791125'),
(2, 3, 14, 'Rejected', 'Cash', 3609130.75, '2026-02-25 06:37:44.796181'),
(3, 3, 2, 'Completed', 'Cash', 8040523.64, '2026-02-25 06:37:44.797095'),
(4, 10, 4, 'Pending_Approval', 'Tempo_30_Hari', 9837115.36, '2026-02-25 06:37:44.797984'),
(5, 2, 18, 'Completed', 'Tempo_30_Hari', 252892.51, '2026-02-25 06:37:44.798855'),
(6, 4, 16, 'Rejected', 'Tempo_30_Hari', 2318524.61, '2026-02-25 06:37:44.799700'),
(7, 8, 4, 'Rejected', 'Cash', 2597536.03, '2026-02-25 06:37:44.800524'),
(8, 10, 15, 'Completed', 'Tempo_30_Hari', 9059565.77, '2026-02-25 06:37:44.801356'),
(9, 10, 2, 'Pending_Approval', 'Cash', 7794275.54, '2026-02-25 06:37:44.802199'),
(10, 9, 8, 'Completed', 'Cash', 2826390.26, '2026-02-25 06:37:44.802892'),
(11, 7, 16, 'Rejected', 'Tempo_30_Hari', 2630337.66, '2026-02-25 06:37:44.803663'),
(12, 7, 15, 'Pending_Approval', 'Cash', 372349.83, '2026-02-25 06:37:44.804413'),
(13, 3, 12, 'Pending_Approval', 'Cash', 1740121.74, '2026-02-25 06:37:44.805174'),
(14, 9, 6, 'Approved', 'Tempo_30_Hari', 8660413.05, '2026-02-25 06:37:44.805951'),
(15, 8, 9, 'Approved', 'Cash', 7101792.86, '2026-02-25 06:37:44.806714'),
(16, 4, 7, 'Approved', 'Tempo_30_Hari', 8720411.35, '2026-02-25 06:37:44.807412'),
(17, 2, 12, 'Pending_Approval', 'Tempo_30_Hari', 6589702.66, '2026-02-25 06:37:44.808097'),
(18, 9, 10, 'Rejected', 'Tempo_30_Hari', 846579.93, '2026-02-25 06:37:44.808850'),
(19, 9, 12, 'Rejected', 'Cash', 7452756.02, '2026-02-25 06:37:44.809536'),
(20, 9, 2, 'Rejected', 'Cash', 9198888.47, '2026-02-25 06:37:44.810236'),
(21, 10, 6, 'Rejected', 'Tempo_30_Hari', 7288239.46, '2026-02-25 06:37:44.811006'),
(22, 8, 1, 'Approved', 'Cash', 7214431.55, '2026-02-25 06:37:44.811685'),
(23, 2, 13, 'Completed', 'Tempo_30_Hari', 5906907.80, '2026-02-25 06:37:44.812370'),
(24, 8, 8, 'Approved', 'Cash', 3776898.46, '2026-02-25 06:37:44.813114'),
(25, 3, 7, 'Pending_Approval', 'Tempo_30_Hari', 4546844.19, '2026-02-25 06:37:44.813876'),
(26, 10, 20, 'Rejected', 'Tempo_30_Hari', 9152321.14, '2026-02-25 06:37:44.814612'),
(27, 4, 9, 'Rejected', 'Tempo_30_Hari', 7384336.91, '2026-02-25 06:37:44.815297'),
(28, 1, 11, 'Pending_Approval', 'Cash', 3229899.85, '2026-02-25 06:37:44.816046'),
(29, 3, 1, 'Rejected', 'Tempo_30_Hari', 899355.52, '2026-02-25 06:37:44.816799'),
(30, 1, 10, 'Completed', 'Cash', 499387.90, '2026-02-25 06:37:44.817501'),
(31, 2, 15, 'Completed', 'Cash', 7825806.68, '2026-02-25 06:37:44.818186'),
(32, 7, 6, 'Pending_Approval', 'Tempo_30_Hari', 6262912.25, '2026-02-25 06:37:44.818979'),
(33, 3, 6, 'Approved', 'Cash', 6368195.30, '2026-02-25 06:37:44.819747'),
(34, 2, 16, 'Completed', 'Cash', 4481703.14, '2026-02-25 06:37:44.820434'),
(35, 7, 13, 'Pending_Approval', 'Cash', 8102370.53, '2026-02-25 06:37:44.821187'),
(36, 3, 2, 'Completed', 'Tempo_30_Hari', 729867.48, '2026-02-25 06:37:44.821946'),
(37, 7, 17, 'Pending_Approval', 'Cash', 6388710.37, '2026-02-25 06:37:44.822695'),
(38, 10, 17, 'Rejected', 'Tempo_30_Hari', 8085835.07, '2026-02-25 06:37:44.823375'),
(39, 3, 5, 'Rejected', 'Cash', 675829.44, '2026-02-25 06:37:44.824126'),
(40, 1, 3, 'Approved', 'Cash', 3567024.08, '2026-02-25 06:37:44.824884'),
(41, 2, 2, 'Completed', 'Tempo_30_Hari', 8796564.74, '2026-02-25 06:37:44.825608'),
(42, 2, 1, 'Pending_Approval', 'Tempo_30_Hari', 2408319.62, '2026-02-25 06:37:44.826306'),
(43, 5, 14, 'Approved', 'Cash', 9986478.18, '2026-02-25 06:37:44.827066'),
(44, 4, 7, 'Pending_Approval', 'Cash', 1510308.43, '2026-02-25 06:37:44.827805'),
(45, 1, 4, 'Pending_Approval', 'Tempo_30_Hari', 9336342.26, '2026-02-25 06:37:44.828482'),
(46, 6, 18, 'Approved', 'Tempo_30_Hari', 348589.40, '2026-02-25 06:37:44.829193'),
(47, 2, 8, 'Completed', 'Cash', 3650808.20, '2026-02-25 06:37:44.829956'),
(48, 10, 19, 'Approved', 'Cash', 8543029.69, '2026-02-25 06:37:44.830711'),
(49, 4, 16, 'Approved', 'Tempo_30_Hari', 6780471.76, '2026-02-25 06:37:44.831404'),
(50, 10, 15, 'Approved', 'Tempo_30_Hari', 5720441.65, '2026-02-25 06:37:44.832158');

INSERT INTO orderdetails (detail_id, po_id, product_id, kuantitas, harga_final) VALUES
(1, 9, 18, 21, 147462.78),
(2, 44, 8, 25, 70048.94),
(3, 16, 14, 50, 98169.55),
(4, 37, 10, 25, 29421.00),
(5, 41, 2, 21, 63435.29),
(6, 7, 1, 24, 39350.75),
(7, 27, 1, 38, 16434.59),
(8, 13, 4, 43, 57825.47),
(9, 25, 20, 15, 108580.88),
(10, 16, 7, 41, 109053.90),
(11, 20, 10, 17, 49546.20),
(12, 29, 7, 13, 105720.38),
(13, 38, 14, 6, 75658.43),
(14, 39, 14, 47, 190963.24),
(15, 20, 3, 11, 64136.26),
(16, 15, 6, 25, 97093.36),
(17, 16, 13, 35, 150373.10),
(18, 29, 13, 47, 108680.12),
(19, 11, 2, 29, 73180.31),
(20, 32, 6, 38, 148045.68),
(21, 37, 5, 6, 183568.47),
(22, 15, 20, 23, 52753.91),
(23, 12, 1, 38, 100190.16),
(24, 37, 15, 47, 13916.26),
(25, 12, 2, 33, 132195.48),
(26, 3, 8, 41, 67313.19),
(27, 19, 14, 40, 84976.91),
(28, 27, 9, 4, 24159.32),
(29, 10, 3, 45, 127815.14),
(30, 15, 5, 8, 26421.93),
(31, 21, 20, 2, 104747.24),
(32, 7, 11, 35, 97825.91),
(33, 32, 14, 16, 81963.77),
(34, 11, 5, 25, 133829.19),
(35, 49, 2, 8, 184261.53),
(36, 17, 7, 30, 108874.49),
(37, 21, 16, 45, 53124.55),
(38, 42, 16, 14, 188842.75),
(39, 47, 7, 26, 79238.19),
(40, 10, 9, 36, 69839.03),
(41, 16, 3, 5, 101970.26),
(42, 32, 6, 30, 63707.50),
(43, 11, 19, 10, 16786.96),
(44, 11, 16, 37, 178850.43),
(45, 43, 7, 10, 57284.79),
(46, 31, 4, 28, 25031.83),
(47, 3, 19, 43, 29036.08),
(48, 4, 15, 14, 25577.17),
(49, 23, 11, 16, 92375.33),
(50, 12, 2, 10, 62694.23);